{
  "csr": {
    "macro_csr": 0.2685866666666667,
    "micro_csr": 0.27128547579298834,
    "ci_lower": 0.2276830833333333,
    "ci_upper": 0.30800574999999997,
    "n_tests": 30,
    "total_chars": 1198,
    "total_saved": 325,
    "by_category": {
      "wikipedia_csr_short": {
        "macro_csr": 0.27077333333333337
      },
      "wikipedia_csr_long": {
        "macro_csr": 0.2664
      }
    }
  },
  "nw_csr": {
    "nw_csr": 0.3623,
    "nw_csr_macro": 0.3685,
    "nw_csr_ci_lower": 0.3134,
    "nw_csr_ci_upper": 0.4262,
    "word_accuracy": 1.0,
    "acceptance_rate": 0.8322,
    "avg_prefix_before_accept": 3.51,
    "avg_confidence": 0.4327,
    "n_tests": 30,
    "n_words": 149
  },
  "morphacc": {
    "morphacc": 0.76,
    "hits": 38,
    "total": 50,
    "avg_boundary_prob_mass": 0.194816
  },
  "paradigm": {
    "hit_at_k": {
      "1": 0.10714285714285714,
      "3": 0.2261904761904762,
      "5": 0.27380952380952384
    },
    "total": 84,
    "by_case": {
      "absolutive": 0.8333333333333334,
      "ergative": 0.16666666666666666,
      "dative": 0.0,
      "genitive": 0.0,
      "comitative": 0.0,
      "benefactive": 0.0,
      "causal": 0.0,
      "inessive": 0.5,
      "elative": 0.0,
      "allative": 0.0,
      "directional_genitive": 0.0,
      "instrumental": 0.0,
      "inessive_plural": 0.0,
      "genitive_plural": 0.0
    }
  }
}