{
  "csr": {
    "macro_csr": 0.3084433333333333,
    "micro_csr": 0.29382303839732893
  },
  "morphacc": {
    "morphacc": 0.38,
    "hits": 19,
    "total": 50
  },
  "paradigm": {
    "hit_at_k": {
      "1": 0.0,
      "3": 0.011904761904761904,
      "5": 0.011904761904761904
    }
  }
}